[{"@type":"mappingTemplate","id":"@1","name":"ConcurExpensesNetSuite_v4 - Copy 1","description":"","bundleVersion":"0","templateId":"@3","hasParameters":false,"valid":false,"fixedConnection":true,"hasParametersDeployed":false,"fixedConnectionDeployed":false,"isSchemaValidationEnabled":false,"tasks":0,"mappingPreviewFileRecordId":"@2","documentType":"MAPPING","references":[{"@type":"reference","refObjectId":"@5mQgwCDK52Pef0vB3dqr2j","refType":"connection"},{"@type":"reference","refObjectId":"@8KnOnFd66delMaTtLAyqiv","refType":"connection"},{"@type":"reference","refObjectId":"@0pYqyXavPfjkgpb62BmvAQ","refType":"connection"},{"@type":"reference","refObjectId":"@cy50v4X8K2jcEbweQQMp6U","refType":"structureDefinition"}]}]