[{"@type":"mappingTemplate","id":"@1","name":"ConcurExpensesNetSuite_ReportById","description":"","bundleVersion":"0","templateId":"@3","hasParameters":false,"valid":true,"fixedConnection":true,"hasParametersDeployed":false,"fixedConnectionDeployed":false,"isSchemaValidationEnabled":false,"tasks":1,"mappingPreviewFileRecordId":"@2","documentType":"MAPPING","references":[{"@type":"reference","refObjectId":"@5mQgwCDK52Pef0vB3dqr2j","refType":"connection"},{"@type":"reference","refObjectId":"@7a3lO2A2aeocvO06nv5Eki","refType":"connection"},{"@type":"reference","refObjectId":"@cy50v4X8K2jcEbweQQMp6U","refType":"structureDefinition"},{"@type":"reference","refObjectId":"@hqcYNEsJye1hAbsS1PfVoy","refType":"connection"}]}]