[{"@type":"mtTask","id":"@1","name":"MT_CITD_FIN_CONCUR_NS_VENDORBILL","description":"","runtimeEnvironmentId":"@0IOccxVZUCdgmeZRWyjmQW","maxLogs":10,"verbose":false,"lastRunTime":1712291010000,"mappingId":"@5PZtWBJK8ZBd0OvwugA42p","frsGuid":"1HvTPVYgY3XjTr3pxcG3eB","shortDescription":"","sessionPropertiesList":[],"hidden":false,"enableCrossSchemaPushdown":true,"enableParallelRun":false,"autoTunedApplied":false,"autoTunedAppliedType":"NONE","paramFileType":"PARAM_FILE_LOCAL","schemaMode":"async","valid":true,"schemaValidationErrorCount":-1,"parameterFileEncoding":"UTF-8","serverlessProperties":{},"taskProperties":[{"@type":"taskProperty","name":"parameterFileDir","currentValue":"","type":"STRING","label":"label.parameterFileDir","required":false},{"@type":"taskProperty","name":"parameterFileName","currentValue":"","type":"STRING","label":"label.parameterFileName","required":false}],"isMidstreamPreview":false,"parameters":[{"@type":"mtTaskParameter","id":899055133,"name":"$NSUIT_VENDORBILL$","type":"EXTENDED_SOURCE","label":"NSUIT_VENDORBILL","uiProperties":{"connectionParameterized":"false","isSelectDistinct":"false","isMsrcFilterParameterized":"false","isMsrcSortParameterized":"false","objectParameterized":"false","visible":"false","originalPath":"NSUIT_VENDORBILL"},"sourceConnectionId":"@8KnOnFd66delMaTtLAyqiv","newFlatFile":false,"newObject":false,"showBusinessNames":false,"naturalOrder":true,"truncateTarget":false,"bulkApiDBTarget":false,"customFuncCfg":{"@type":"customFuncConfig","id":-1,"connections":[],"inputMap":[],"outputFields":[]},"targetRefsV2":{},"targetUpdateColumns":[],"extendedObject":{"@type":"extendedObject","object":{"@type":"mObject","name":"VendorBill","label":"VendorBill","metadataUpdated":false,"relations":[],"children":[{"@type":"mObject","name":"VendorBillExpenseList","label":"VendorBillExpenseList","metadataUpdated":false,"relations":[{"@type":"objectRelation","object1":"VendorBillExpenseList","object2":"VendorBill","relationshipName":"expenseList","relationshipType":"Child","joinType":"INNER","joinOperator":"EQUALS"}],"children":[]}]},"singleMode":false,"objects":[{"@type":"mObject","name":"VendorBill","label":"VendorBill","metadataUpdated":false,"relations":[],"children":[{"@type":"mObject","name":"VendorBillExpenseList","label":"VendorBillExpenseList","metadataUpdated":false,"relations":[{"@type":"objectRelation","object1":"VendorBillExpenseList","object2":"VendorBill","relationshipName":"expenseList","relationshipType":"Child","joinType":"INNER","joinOperator":"EQUALS"}],"children":[]}]}],"filters":[{"@type":"filter","objectName":"VendorBill","field":"tranDate","type":"TOOLKIT_DATETIME","operator":"greaterThan","value":"2024-01-01 00:00:00"}],"sortFields":[]},"runtimeAttrs":{},"isRESTModernSource":true,"isFileList":false,"handleSpecialChars":false,"handleDecimalRoundOff":false,"frsAsset":false,"dynamicFileName":false,"excludeDynamicFileNameField":false,"currentlyProcessedFileName":false,"retainFieldMetadata":false,"useExactSrcNames":false,"tgtObjectAttributes":{},"runtimeParameterData":{"@type":"mtTaskRuntimeParameterData","isConnectionRuntimeParameter":false,"isObjectRuntimeParameter":false},"overridableProperties":[],"overriddenFields":[]},{"@type":"mtTaskParameter","id":899055134,"name":"$SNF_NSUIT_VENDORBILL$","type":"TARGET","label":"SNF_NSUIT_VENDORBILL","uiProperties":{"connectionParameterized":"false","objectParameterized":"false","visible":"false","defaultTargetUpdateColumns":"","supportApplyDDLChanges":"false","originalPath":"SNF_NSUIT_VENDORBILL"},"targetConnectionId":"@5STlIWXP5CChqhjiqdwneg","targetObject":"CORPITDATADEV/EDW_LND_TB/NSUIT_VENDORBILL","targetObjectLabel":"NSUIT_VENDORBILL","newFlatFile":false,"newObject":false,"showBusinessNames":false,"naturalOrder":true,"truncateTarget":false,"bulkApiDBTarget":false,"operationType":"Insert","customFuncCfg":{"@type":"customFuncConfig","id":-1,"connections":[],"inputMap":[],"outputFields":[]},"targetRefsV2":{},"targetUpdateColumns":[],"extendedObject":{"@type":"extendedObject","singleMode":true,"filters":[],"sortFields":[]},"runtimeAttrs":{},"isRESTModernSource":true,"isFileList":false,"handleSpecialChars":false,"handleDecimalRoundOff":false,"frsAsset":false,"dynamicFileName":false,"excludeDynamicFileNameField":false,"currentlyProcessedFileName":false,"retainFieldMetadata":false,"objectName":"CORPITDATADEV/EDW_LND_TB/NSUIT_VENDORBILL","objectLabel":"NSUIT_VENDORBILL","useExactSrcNames":false,"tgtObjectAttributes":{},"runtimeParameterData":{"@type":"mtTaskRuntimeParameterData","isConnectionRuntimeParameter":false,"isObjectRuntimeParameter":false},"overridableProperties":[],"overriddenFields":[]}],"sequences":[],"inOutParameters":[],"connRuntimeAttrs":[]}]