[{"@type":"mtTask","id":"@1","name":"MT_Concur_GetExpenses_v4_File","description":"","runtimeEnvironmentId":"@0IOccxVZUCdgmeZRWyjmQW","maxLogs":10,"verbose":false,"lastRunTime":1712281982000,"mappingId":"@eQK5qOsvmM8cuSCkqFT7oz","frsGuid":"41R8pRwbuDMdagIQxaNUCD","shortDescription":"","sessionPropertiesList":[{"name":"Allow Temporary Sequence for Pushdown","value":"NO","recommended":false},{"name":"Allow Temporary View for Pushdown","value":"NO","recommended":false},{"name":"Pushdown Optimization","value":"None","recommended":false},{"name":"Pushdown Optimization Context","value":"None","recommended":false},{"name":"Pushdown Optimization Fallback Option","value":"Partial PDO","recommended":false}],"hidden":false,"enableCrossSchemaPushdown":true,"enableParallelRun":false,"autoTunedApplied":false,"autoTunedAppliedType":"NONE","parameterFileName":"EDW_LND_PARAMS.prm","parameterFileDir":"\\\\2-1154-STOR4\\Dev-Log\\ParametersFile","paramFileType":"PARAM_FILE_LOCAL","schemaMode":"async","valid":true,"schemaValidationErrorCount":-1,"parameterFileEncoding":"UTF-8","serverlessProperties":{},"taskProperties":[{"@type":"taskProperty","name":"parameterFileDir","currentValue":"\\\\2-1154-STOR4\\Dev-Log\\ParametersFile","type":"STRING","label":"label.parameterFileDir","required":false},{"@type":"taskProperty","name":"parameterFileName","currentValue":"EDW_LND_PARAMS.prm","type":"STRING","label":"label.parameterFileName","required":false}],"isMidstreamPreview":false,"parameters":[{"@type":"mtTaskParameter","id":896268160,"name":"$Concur_GetExpenses$","type":"H_SOURCE","label":"Concur_GetExpenses","uiProperties":{"connectionParameterized":"false","isSelectDistinct":"false","isMsrcFilterParameterized":"false","objectParameterized":"false","visible":"false","originalPath":"Concur_GetExpenses"},"sourceConnectionId":"@0pYqyXavPfjkgpb62BmvAQ","sourceObject":"Concur_Expense_v4_Parent-2Operation","newFlatFile":false,"newObject":false,"showBusinessNames":false,"naturalOrder":true,"truncateTarget":false,"bulkApiDBTarget":false,"customFuncCfg":{"@type":"customFuncConfig","id":-1,"connections":[],"inputMap":[],"outputFields":[]},"targetRefsV2":{},"targetUpdateColumns":[],"extendedObject":{"@type":"extendedObject","singleMode":true,"filters":[],"sortFields":[]},"runtimeAttrs":{},"isRESTModernSource":true,"requestXml":"{\n  \"body\" : {\n    \"InprocessingPaymentDateAfter\" : \"$$in_out_process_pymt_dt_after\",\n    \"inCreatedAfter\" : \"\",\n    \"InprocessingPaymentDateBefore\" : \"$$in_out_process_pymt_dt_before\",\n    \"inApprStatusCode\" : $$p_concur_approval_status_code,\n    \"inLimit\" : $$p_concur_expense_limit,\n    \"InUser\" : $$p_concur_user,\n    \"inPaymetStatusCode\" : $$p_concur_payment_status_code,\n    \"inScope\" : $$p_concur_expense_scope\n  },\n  \"Authorization\" : $$p_cai_auth\n}","isFileList":false,"handleSpecialChars":false,"handleDecimalRoundOff":false,"frsAsset":false,"dynamicFileName":false,"excludeDynamicFileNameField":false,"currentlyProcessedFileName":false,"retainFieldMetadata":false,"objectName":"Concur_Expense_v4_Parent-2Operation","useExactSrcNames":false,"metadataVersion":"44000056","tgtObjectAttributes":{},"runtimeParameterData":{"@type":"mtTaskRuntimeParameterData","isConnectionRuntimeParameter":false,"isObjectRuntimeParameter":false},"overridableProperties":[],"overriddenFields":[]},{"@type":"mtTaskParameter","id":896268161,"name":"$Source$","type":"SOURCE","label":"Source","uiProperties":{"connectionParameterized":"false","isSelectDistinct":"false","objectParameterized":"false","visible":"false","originalPath":"Source"},"sourceConnectionId":"@5STlIWXP5CChqhjiqdwneg","sourceObject":"DUMMY_Source","newFlatFile":false,"newObject":false,"showBusinessNames":false,"naturalOrder":true,"truncateTarget":false,"bulkApiDBTarget":false,"customFuncCfg":{"@type":"customFuncConfig","id":-1,"connections":[],"inputMap":[],"outputFields":[]},"targetRefsV2":{},"targetUpdateColumns":[],"runtimeAttrs":{},"isRESTModernSource":true,"customQuery":"Select 'X'","isFileList":false,"handleSpecialChars":false,"handleDecimalRoundOff":false,"frsAsset":false,"dynamicFileName":false,"excludeDynamicFileNameField":false,"currentlyProcessedFileName":false,"retainFieldMetadata":false,"objectName":"DUMMY_Source","useExactSrcNames":false,"tgtObjectAttributes":{},"runtimeParameterData":{"@type":"mtTaskRuntimeParameterData","isConnectionRuntimeParameter":false,"isObjectRuntimeParameter":false},"overridableProperties":[],"overriddenFields":[]},{"@type":"mtTaskParameter","id":896268162,"name":"$FF_Concur_Expenses$","type":"TARGET","label":"FF_Concur_Expenses","uiProperties":{"connectionParameterized":"false","objectParameterized":"false","visible":"false","defaultTargetUpdateColumns":"","supportApplyDDLChanges":"true","originalPath":"FF_Concur_Expenses"},"targetConnectionId":"@5mQgwCDK52Pef0vB3dqr2j","targetObject":"ConcurExpensev4.csv","targetObjectLabel":"ConcurExpensev4.csv","newFlatFile":false,"newObject":true,"showBusinessNames":false,"naturalOrder":true,"newObjectName":"ConcurExpensev4.csv","truncateTarget":false,"bulkApiDBTarget":false,"operationType":"Insert","tgtFFAttrs":{"@type":"flatFileAttrs","id":96071398,"delimiter":",","textQualifier":"none","escapeChar":"","headerLineNo":2,"rowDelimiter":0,"consecutiveDelimiter":false,"multiDelimitersAsAnd":true},"customFuncCfg":{"@type":"customFuncConfig","id":-1,"connections":[],"inputMap":[],"outputFields":[]},"targetRefsV2":{},"targetUpdateColumns":[],"extendedObject":{"@type":"extendedObject","singleMode":true,"filters":[],"sortFields":[]},"runtimeAttrs":{},"isRESTModernSource":true,"isFileList":false,"handleSpecialChars":false,"handleDecimalRoundOff":false,"frsAsset":false,"dynamicFileName":false,"excludeDynamicFileNameField":false,"currentlyProcessedFileName":false,"retainFieldMetadata":false,"objectName":"ConcurExpensev4.csv","objectLabel":"ConcurExpensev4.csv","useExactSrcNames":false,"tgtObjectAttributes":{},"runtimeParameterData":{"@type":"mtTaskRuntimeParameterData","isConnectionRuntimeParameter":false,"isObjectRuntimeParameter":false},"overridableProperties":[],"overriddenFields":[]},{"@type":"mtTaskParameter","id":896268163,"name":"$Target$","type":"TARGET","label":"Target","uiProperties":{"connectionParameterized":"false","objectParameterized":"false","visible":"false","defaultTargetUpdateColumns":"","supportApplyDDLChanges":"false","originalPath":"Target"},"targetConnectionId":"@5STlIWXP5CChqhjiqdwneg","targetObject":"CORPITDATADEV/EDW_LND_TB/STAGE_JSONTABLE","targetObjectLabel":"STAGE_JSONTABLE","newFlatFile":false,"newObject":false,"showBusinessNames":false,"naturalOrder":true,"truncateTarget":false,"bulkApiDBTarget":false,"operationType":"Insert","customFuncCfg":{"@type":"customFuncConfig","id":-1,"connections":[],"inputMap":[],"outputFields":[]},"targetRefsV2":{},"targetUpdateColumns":[],"extendedObject":{"@type":"extendedObject","singleMode":true,"filters":[],"sortFields":[]},"runtimeAttrs":{},"isRESTModernSource":true,"isFileList":false,"handleSpecialChars":false,"handleDecimalRoundOff":false,"frsAsset":false,"dynamicFileName":false,"excludeDynamicFileNameField":false,"currentlyProcessedFileName":false,"retainFieldMetadata":false,"objectName":"CORPITDATADEV/EDW_LND_TB/STAGE_JSONTABLE","objectLabel":"STAGE_JSONTABLE","useExactSrcNames":false,"tgtObjectAttributes":{},"runtimeParameterData":{"@type":"mtTaskRuntimeParameterData","isConnectionRuntimeParameter":false,"isObjectRuntimeParameter":false},"overridableProperties":[],"overriddenFields":[]}],"sequences":[],"inOutParameters":[{"@type":"mtTaskInOutParameter","id":"-1","name":"in_out_CreatedAfter","description":"","initialValue":"","datatype":"STRING","precision":"12","scale":"0","retentionPolicy":"ON_SUCCESS_OR_WARNING","aggregationType":"MAX","currentValue":"\"2024-03-25\""},{"@type":"mtTaskInOutParameter","id":"-1","name":"in_out_process_pymt_dt_after","description":"","initialValue":"","datatype":"STRING","precision":"100","scale":"0","retentionPolicy":"ON_SUCCESS_OR_WARNING","aggregationType":"MAX","currentValue":"2024-04-03"},{"@type":"mtTaskInOutParameter","id":"-1","name":"in_out_process_pymt_dt_before","description":"","initialValue":"","datatype":"STRING","precision":"100","scale":"0","retentionPolicy":"ON_SUCCESS_OR_WARNING","aggregationType":"MAX","currentValue":"2024-04-04"}],"connRuntimeAttrs":[]}]