[{"@type":"mappingTemplate","id":"@1","name":"m_CITD_FIN_NSUIT_REFERENCE","description":"","bundleVersion":"0","templateId":"@3","deployTime":1712261657000,"hasParameters":false,"valid":true,"fixedConnection":true,"hasParametersDeployed":false,"fixedConnectionDeployed":true,"isSchemaValidationEnabled":false,"tasks":1,"mappingPreviewFileRecordId":"@2","documentType":"MAPPING","references":[{"@type":"reference","refObjectId":"@8KnOnFd66delMaTtLAyqiv","refType":"connection"},{"@type":"reference","refObjectId":"@5STlIWXP5CChqhjiqdwneg","refType":"connection"},{"@type":"reference","refObjectId":"@5mQgwCDK52Pef0vB3dqr2j","refType":"connection"}]}]