[{"@type":"mappingTemplate","id":"@1","name":"Mapping68","description":"","bundleVersion":"0","templateId":"@3","hasParameters":false,"valid":true,"fixedConnection":true,"hasParametersDeployed":false,"fixedConnectionDeployed":false,"isSchemaValidationEnabled":false,"tasks":0,"mappingPreviewFileRecordId":"@2","documentType":"MAPPING","references":[{"@type":"reference","refObjectId":"@5mQgwCDK52Pef0vB3dqr2j","refType":"connection"},{"@type":"reference","refObjectId":"@8KnOnFd66delMaTtLAyqiv","refType":"connection"}]}]