[{"@type":"mappingTemplate","id":"@1","name":"m_CITD_UTIL_CREATE_PARAM_FILE","description":"","autoExpireObject":false,"bundleVersion":"0","assetFrsGuid":"6ANixjIkLelgyjUD0b878A","templateId":"@3","deployTime":1740002864000,"hasParameters":false,"valid":true,"fixedConnection":true,"hasParametersDeployed":false,"fixedConnectionDeployed":true,"isSchemaValidationEnabled":false,"tasks":0,"mappingPreviewFileRecordId":"@2","documentType":"MAPPING","references":[{"@type":"reference","refObjectId":"@4mZomyAOxjEgTZFVYPBAYt","refType":"connection"}]}]