[{"@type":"mappingTemplate","id":"@1","name":"Concur_GetExpenses_v4_File_V20240326","description":"","bundleVersion":"0","templateId":"@3","hasParameters":false,"valid":true,"fixedConnection":true,"hasParametersDeployed":false,"fixedConnectionDeployed":false,"isSchemaValidationEnabled":false,"tasks":0,"mappingPreviewFileRecordId":"@2","documentType":"MAPPING","references":[{"@type":"reference","refObjectId":"@5mQgwCDK52Pef0vB3dqr2j","refType":"connection"},{"@type":"reference","refObjectId":"@0pYqyXavPfjkgpb62BmvAQ","refType":"connection"}]}]