[{"@type":"mappingTemplate","id":"@1","name":"m_CITD_PS_KAN_DELETE_HOLIDAY","description":"","autoExpireObject":false,"bundleVersion":"0","assetFrsGuid":"bT2k9utUEwbfDlbC0QDBeb","templateId":"@3","deployTime":1739920351000,"hasParameters":false,"valid":true,"fixedConnection":true,"hasParametersDeployed":false,"fixedConnectionDeployed":true,"isSchemaValidationEnabled":false,"tasks":1,"mappingPreviewFileRecordId":"@2","documentType":"MAPPING","references":[{"@type":"reference","refObjectId":"@5STlIWXP5CChqhjiqdwneg","refType":"connection"},{"@type":"reference","refObjectId":"@0eWBrPQMuihgLANzuZjWAh@PS_KantataDelHolidayOperation","refType":"businessOperation"},{"@type":"reference","refObjectId":"@0eWBrPQMuihgLANzuZjWAh","refType":"businessService"}]}]