[{"@type":"mappingTemplate","id":"@1","name":"Concur_GetExpenses_v4_File","description":"","bundleVersion":"0","templateId":"@3","deployTime":1711486869000,"hasParameters":false,"valid":true,"fixedConnection":true,"hasParametersDeployed":false,"fixedConnectionDeployed":true,"isSchemaValidationEnabled":false,"tasks":1,"mappingPreviewFileRecordId":"@2","documentType":"MAPPING","references":[{"@type":"reference","refObjectId":"@5mQgwCDK52Pef0vB3dqr2j","refType":"connection"},{"@type":"reference","refObjectId":"@0pYqyXavPfjkgpb62BmvAQ","refType":"connection"},{"@type":"reference","refObjectId":"@5STlIWXP5CChqhjiqdwneg","refType":"connection"}]}]