[{"@type":"mappingTemplate","id":"@1","name":"ConcurExpensesNetSuite - Copy 2","description":"","bundleVersion":"0","templateId":"@3","hasParameters":false,"valid":true,"fixedConnection":true,"hasParametersDeployed":false,"fixedConnectionDeployed":false,"isSchemaValidationEnabled":false,"tasks":0,"mappingPreviewFileRecordId":"@2","documentType":"MAPPING","references":[{"@type":"reference","refObjectId":"@5mQgwCDK52Pef0vB3dqr2j","refType":"connection"},{"@type":"reference","refObjectId":"@3RQfScuAgagc5e54SsEPwo","refType":"connection"},{"@type":"reference","refObjectId":"@8KnOnFd66delMaTtLAyqiv","refType":"connection"},{"@type":"reference","refObjectId":"@cy50v4X8K2jcEbweQQMp6U","refType":"structureDefinition"}]}]