[{"@type":"mappingTemplate","id":"@1","name":"m_CITD_PS_KAN_RENAME_HOLIDAY_CAL","description":"--Monthly Sync\nRenaming all calendars which are active in Kantata but not present in SF","autoExpireObject":false,"bundleVersion":"0","assetFrsGuid":"119XdWVIHKWenRIbAT0pUf","templateId":"@3","deployTime":1739574636000,"hasParameters":false,"valid":true,"fixedConnection":true,"hasParametersDeployed":false,"fixedConnectionDeployed":true,"isSchemaValidationEnabled":false,"tasks":1,"mappingPreviewFileRecordId":"@2","documentType":"MAPPING","references":[{"@type":"reference","refObjectId":"@5STlIWXP5CChqhjiqdwneg","refType":"connection"},{"@type":"reference","refObjectId":"@iB4l8LnqpIjcIVQhkXKug8","refType":"businessService"},{"@type":"reference","refObjectId":"@iB4l8LnqpIjcIVQhkXKug8@PS_KantataPutHolidayCalendarOperation","refType":"businessOperation"}]}]