[{"@type":"mappingTemplate","id":"@1","name":"m_CITD_FIN_CONCUR_NS_GET_OVERRIDE_FLAG","description":"To get Override Flag and Reset the target file generated from API","bundleVersion":"0","templateId":"@3","deployTime":1712259605000,"hasParameters":false,"valid":true,"fixedConnection":true,"hasParametersDeployed":false,"fixedConnectionDeployed":true,"isSchemaValidationEnabled":false,"tasks":1,"mappingPreviewFileRecordId":"@2","documentType":"MAPPING","references":[{"@type":"reference","refObjectId":"@5STlIWXP5CChqhjiqdwneg","refType":"connection"},{"@type":"reference","refObjectId":"@5mQgwCDK52Pef0vB3dqr2j","refType":"connection"}]}]