[{"@type":"mtTask","id":"@1","name":"MT_CITD_PS_KAN_DELETE_HOLIDAY_VB","autoExpireObject":false,"runtimeEnvironmentId":"@0IOccxVZUCdgmeZRWyjmQW","maxLogs":10,"verbose":false,"lastRunTime":1739920399000,"mappingId":"@0KN3PWxW4nif5xJROVTEq4","frsGuid":"4L8tYSyZEFNeuEIdOWrXgm","sessionPropertiesList":[],"hidden":false,"enableCrossSchemaPushdown":true,"enableParallelRun":false,"autoTunedApplied":false,"autoTunedAppliedType":"NONE","parameterFileName":"KAN_EDW_LND.PRM","parameterFileDir":"\\\\2-1154-STOR4\\Dev-Log\\Kantata","paramFileType":"PARAM_FILE_LOCAL","schemaMode":"async","valid":true,"schemaValidationErrorCount":-1,"serverlessProperties":{},"taskProperties":[{"@type":"taskProperty","name":"parameterFileDir","currentValue":"\\\\2-1154-STOR4\\Dev-Log\\Kantata","type":"STRING","label":"label.parameterFileDir","required":false},{"@type":"taskProperty","name":"parameterFileName","currentValue":"KAN_EDW_LND.PRM","type":"STRING","label":"label.parameterFileName","required":false},{"@type":"taskProperty","name":"outboundMessageUrlQueueTime","currentValue":"","type":"NUMBER","label":"label.outboundMessageUrlQueueTime","required":false},{"@type":"taskProperty","name":"outboundMessageUrlToken","currentValue":"","type":"STRING","label":"label.outboundMessageUrlToken","required":false}],"optimizationPlan":"NONE","isMidstreamPreview":false,"parameters":[{"@type":"mtTaskParameter","id":992120091,"name":"$SNWFLK_DEL_HOLIDAYID$","type":"SOURCE","label":"SNWFLK_DEL_HOLIDAYID","uiProperties":{"connectionParameterized":"false","isSelectDistinct":"false","objectParameterized":"false","visible":"false","originalPath":"SNWFLK_DEL_HOLIDAYID"},"sourceConnectionId":"@5STlIWXP5CChqhjiqdwneg","sourceObject":"DUMMY_SNWFLK_DEL_HOLIDAYID","newFlatFile":false,"newObject":false,"showBusinessNames":false,"naturalOrder":true,"truncateTarget":false,"bulkApiDBTarget":false,"customFuncCfg":{"@type":"customFuncConfig","id":-1,"connections":[],"inputMap":[],"outputFields":[]},"targetRefsV2":{},"targetUpdateColumns":[],"runtimeAttrs":{},"isRESTModernSource":true,"customQuery":"Select\n                                Distinct\n                                    HOLIDAY_ID,\n                                    START_DATE,\n                                    HOLIDAY_NAME ,\n                                    '$$InOut_KantataAutheticate' KAN_AUTH,\n                                    '$$InOut_CAIAuthenticate' CAI_AUTH\n                                --*, \n                                --Rank() Over (Partition By HOLIDAY_NAME Order By START_DATE Asc) Kan_Holiday_Name_Rnk\n                            From CORPITDATADEV.EDW_LND_TB.KAN_HOLIDAYS  KanHolidays\n                            Where \n                                Date_Part(Year,TO_DATE(START_DATE,'YYYY-MM-DD'))=Date_Part(Year,Sysdate())\n                                AND \n                                Not exists\n                                (   \n                                     Select 1 \n                                     From \n                                        ( \n                                            Select \n                                                Distinct\n                                                    Holidayassignment.Holiday_Date Holiday_Date,\n                                                    Replace(Holiday.Name_Default_Value,'\\n',' ') Holiday_Name,\n                                                    Case \n                                                        When  \n                                                            Holiday.Name_Default_Value='Kinaxis Day' Then 'Kday-'||To_Char(Holiday_Date,'MON-YYYY') \n                                                        Else \n                                                            Replace(Holiday.Name_Default_Value,'\\n',' ')\n                                                        End Holiday_Name_Corrected,\n                                                    -- Add rank to identify multiple holidays with same name and different dates\n                                                    Rank() Over (Partition By Replace(Holiday.Name_Default_Value,'\\n',' ') Order By Holiday_Date Asc) Holiday_Name_Rnk,\n                                                    Case \n                                                        When  Holiday.Name_Default_Value='Kinaxis Day' \n                                                        Then 'Kday-'||To_Char(Holiday_Date,'MON-YYYY') \n                                                    Else \n                                                        Replace(Holiday.Name_Default_Value,'\\n',' ')\n                                                    End||'|'||To_Char(Holiday_Date,'YYYY-MM-DD')  T\n                                            From \n                                                CORPITDATADEV.EDW_LND_TB.Sapsf_Holiday_Assignment Holidayassignment,\n                                                CORPITDATADEV.EDW_LND_TB.Sapsf_Holidays Holiday\n                                            Where \n                                                Holidayassignment.Holiday_Name=Holiday.Holiday_Code And\n                                                Holiday.Name_Default_Value Not Like '%DO NOT USE%' And\n                                                To_Char(To_Timestamp(Holidayassignment.Holiday_Date),'YYYY')=Date_Part(Year,Sysdate())\n                                            ) SAPSF_Holiday\n                                        Where\n                                            SAPSF_Holiday.Holiday_Name_Corrected!='Winter Recess' And\n                                            KanHolidays.Holiday_Name=SAPSF_Holiday.Holiday_Name_Corrected\n                                            And KanHolidays.START_DATE=To_Char(SAPSF_Holiday.Holiday_Date,'YYYY-MM-DD')\n                                            --And SAPSF_Holiday.Holiday_Name_Rnk!=Kan_Holidays.Kan_Holiday_Name_Rnk\n                                );","isFileList":false,"handleSpecialChars":false,"handleDecimalRoundOff":false,"frsAsset":false,"dynamicFileName":false,"excludeDynamicFileNameField":false,"currentlyProcessedFileName":false,"retainFieldMetadata":false,"objectName":"DUMMY_SNWFLK_DEL_HOLIDAYID","useExactSrcNames":false,"userUpdated":true,"fetchMode":"ORIGINAL","tgtObjectAttributes":{},"runtimeParameterData":{"@type":"mtTaskRuntimeParameterData","isConnectionRuntimeParameter":false,"isObjectRuntimeParameter":false},"overridableProperties":[],"overriddenFields":[]},{"@type":"mtTaskParameter","id":992120092,"name":"$EDW_BATCH_LOG_FAILURE$","type":"TARGET","label":"EDW_BATCH_LOG_FAILURE","uiProperties":{"connectionParameterized":"false","objectParameterized":"false","visible":"false","defaultTargetUpdateColumns":"","supportApplyDDLChanges":"false","originalPath":"EDW_BATCH_LOG_FAILURE"},"targetConnectionId":"@5STlIWXP5CChqhjiqdwneg","targetObject":"CORPITDATADEV/EDW_INT_TB/EDW_BATCH_LOG","targetObjectLabel":"CORPITDATADEV/EDW_INT_TB/EDW_BATCH_LOG","newFlatFile":false,"newObject":false,"showBusinessNames":false,"naturalOrder":true,"truncateTarget":false,"bulkApiDBTarget":false,"operationType":"Insert","customFuncCfg":{"@type":"customFuncConfig","id":-1,"connections":[],"inputMap":[],"outputFields":[]},"targetRefsV2":{},"targetUpdateColumns":[],"extendedObject":{"@type":"extendedObject","singleMode":true,"filters":[],"sortFields":[]},"runtimeAttrs":{},"isRESTModernSource":true,"isFileList":false,"handleSpecialChars":false,"handleDecimalRoundOff":false,"frsAsset":false,"dynamicFileName":false,"excludeDynamicFileNameField":false,"currentlyProcessedFileName":false,"retainFieldMetadata":false,"objectName":"CORPITDATADEV/EDW_INT_TB/EDW_BATCH_LOG","objectLabel":"CORPITDATADEV/EDW_INT_TB/EDW_BATCH_LOG","useExactSrcNames":false,"userUpdated":true,"fetchMode":"ORIGINAL","tgtObjectAttributes":{},"runtimeParameterData":{"@type":"mtTaskRuntimeParameterData","isConnectionRuntimeParameter":false,"isObjectRuntimeParameter":false},"overridableProperties":[],"overriddenFields":[]},{"@type":"mtTaskParameter","id":992120093,"name":"$EDW_BATCH_LOG_SUCCESS$","type":"TARGET","label":"EDW_BATCH_LOG_SUCCESS","uiProperties":{"connectionParameterized":"false","objectParameterized":"false","visible":"false","defaultTargetUpdateColumns":"","supportApplyDDLChanges":"false","originalPath":"EDW_BATCH_LOG_SUCCESS"},"targetConnectionId":"@5STlIWXP5CChqhjiqdwneg","targetObject":"CORPITDATADEV/EDW_INT_TB/EDW_BATCH_LOG","targetObjectLabel":"CORPITDATADEV/EDW_INT_TB/EDW_BATCH_LOG","newFlatFile":false,"newObject":false,"showBusinessNames":false,"naturalOrder":true,"truncateTarget":false,"bulkApiDBTarget":false,"operationType":"Insert","customFuncCfg":{"@type":"customFuncConfig","id":-1,"connections":[],"inputMap":[],"outputFields":[]},"targetRefsV2":{},"targetUpdateColumns":[],"extendedObject":{"@type":"extendedObject","singleMode":true,"filters":[],"sortFields":[]},"runtimeAttrs":{},"isRESTModernSource":true,"isFileList":false,"handleSpecialChars":false,"handleDecimalRoundOff":false,"frsAsset":false,"dynamicFileName":false,"excludeDynamicFileNameField":false,"currentlyProcessedFileName":false,"retainFieldMetadata":false,"objectName":"CORPITDATADEV/EDW_INT_TB/EDW_BATCH_LOG","objectLabel":"CORPITDATADEV/EDW_INT_TB/EDW_BATCH_LOG","useExactSrcNames":false,"userUpdated":true,"fetchMode":"ORIGINAL","tgtObjectAttributes":{},"runtimeParameterData":{"@type":"mtTaskRuntimeParameterData","isConnectionRuntimeParameter":false,"isObjectRuntimeParameter":false},"overridableProperties":[],"overriddenFields":[]},{"@type":"mtTaskParameter","id":992120094,"name":"$WebServices$","type":"BUSINESS_SERVICE","label":"WebServices","uiProperties":{"visible":"false","originalPath":"WebServices"},"newFlatFile":false,"newObject":false,"showBusinessNames":true,"naturalOrder":true,"truncateTarget":false,"bulkApiDBTarget":false,"customFuncCfg":{"@type":"customFuncConfig","id":-1,"connections":[],"inputMap":[],"outputFields":[]},"targetRefsV2":{},"targetUpdateColumns":[],"runtimeAttrs":{},"isRESTModernSource":true,"isFileList":false,"handleSpecialChars":false,"handleDecimalRoundOff":false,"frsAsset":false,"dynamicFileName":false,"excludeDynamicFileNameField":false,"currentlyProcessedFileName":false,"retainFieldMetadata":false,"useExactSrcNames":false,"userUpdated":true,"businessServiceData":{"@type":"businessServiceData","businessServiceId":"@0eWBrPQMuihgLANzuZjWAh","operationId":"@0eWBrPQMuihgLANzuZjWAh@PS_KantataDelHolidayOperation"},"fetchMode":"ORIGINAL","tgtObjectAttributes":{},"runtimeParameterData":{"@type":"mtTaskRuntimeParameterData","isConnectionRuntimeParameter":false,"isObjectRuntimeParameter":false},"overridableProperties":[],"overriddenFields":[]}],"sequences":[],"inOutParameters":[{"@type":"mtTaskInOutParameter","id":"-1","name":"InOut_KantataAutheticate","description":"","initialValue":"","datatype":"STRING","precision":"4000","scale":"0","retentionPolicy":"ON_SUCCESS_OR_WARNING","aggregationType":"MAX","currentValue":"Bearer c0900405a92fc5900f052ea89bd06274a93b081c51c96f26cf903ac6e8f2189e"},{"@type":"mtTaskInOutParameter","id":"-1","name":"InOut_CAIAuthenticate","description":"","initialValue":"","datatype":"STRING","precision":"4000","scale":"0","retentionPolicy":"ON_SUCCESS_OR_WARNING","aggregationType":"MAX","currentValue":"Basic aWljc19pbnRlZ3JhdGlvbjoxbnRlZ3I4NW5AMm8ybA=="},{"@type":"mtTaskInOutParameter","id":"-1","name":"InOut_BatchKey","description":"","initialValue":"","datatype":"STRING","precision":"4000","scale":"0","retentionPolicy":"ON_SUCCESS_OR_WARNING","aggregationType":"MAX","currentValue":"20231215121212"}],"connRuntimeAttrs":[]}]