[{"@type":"businessService","id":"@1","name":"BS_CITD_PS_KAN_RENAME_CAL","description":"","autoExpireObject":false,"type":"WebService","connectionId":"@38Sfk7QDsgYiJzaZUET4y0","enableDynamicRefresh":false,"businessOperations":[{"@type":"businessOperation","id":"@iB4l8LnqpIjcIVQhkXKug8@PS_KantataPutHolidayCalendarOperation","originName":"PS_KantataPutHolidayCalendarOperation","name":"PS_KantataPutHolidayCalendarOperation","description":"","configured":false,"metadataId":"@4","requestId":"@5","responseId":"@6","faultId":"@3","extensionXmlId":"@2"}]}]