[{"@type":"fileRecord","id":"@4","name":"metadata","type":"JSON","size":4355,"attachTime":1739294302000},{"@type":"fileRecord","id":"@5","name":"request","type":"XSD","size":7735,"attachTime":1739294302000},{"@type":"fileRecord","id":"@6","name":"response","type":"XSD","size":7593,"attachTime":1739294302000},{"@type":"fileRecord","id":"@3","name":"fault","type":"XSD","size":6806,"attachTime":1739294302000},{"@type":"fileRecord","id":"@2","name":"extension","type":"XML","size":28804,"attachTime":1739294302000}]