[{"@type":"mappingTemplate","id":"@1","name":"Mapping77","description":"","bundleVersion":"0","templateId":"@3","deployTime":1710955148000,"hasParameters":false,"valid":true,"fixedConnection":true,"hasParametersDeployed":false,"fixedConnectionDeployed":true,"isSchemaValidationEnabled":false,"tasks":0,"mappingPreviewFileRecordId":"@2","documentType":"MAPPING","references":[{"@type":"reference","refObjectId":"@8KnOnFd66delMaTtLAyqiv","refType":"connection"},{"@type":"reference","refObjectId":"@5STlIWXP5CChqhjiqdwneg","refType":"connection"}]}]