[{"@type":"businessService","id":"@1","name":"BS_CITD_PS_KAN_DEL_HOLIDAY","description":"","autoExpireObject":false,"type":"WebService","connectionId":"@e9o7pj5n0IbivKNge39d42","enableDynamicRefresh":false,"businessOperations":[{"@type":"businessOperation","id":"@0eWBrPQMuihgLANzuZjWAh@PS_KantataDelHolidayOperation","originName":"PS_KantataDelHolidayOperation","name":"PS_KantataDelHolidayOperation","description":"","configured":false,"metadataId":"@4","requestId":"@5","responseId":"@6","faultId":"@3","extensionXmlId":"@2"}]}]