[{"@type":"fileRecord","id":"@4","name":"metadata","type":"JSON","size":3894,"attachTime":1739401127000},{"@type":"fileRecord","id":"@5","name":"request","type":"XSD","size":7458,"attachTime":1739401127000},{"@type":"fileRecord","id":"@6","name":"response","type":"XSD","size":7529,"attachTime":1739401127000},{"@type":"fileRecord","id":"@3","name":"fault","type":"XSD","size":6758,"attachTime":1739401127000},{"@type":"fileRecord","id":"@2","name":"extension","type":"XML","size":28391,"attachTime":1739401127000}]